{
  "project_info": {
    "project_number": "486522282416",
    "project_id": "tracha-x",
    "storage_bucket": "tracha-x.appspot.com"
  },
  "client": [
    {
      "client_info": {
        "mobilesdk_app_id": "1:486522282416:android:7fb4ce424abd6b8948f675",
        "android_client_info": {
          "package_name": "com.example.trachax"
        }
      },
      "oauth_client": [],
      "api_key": [
        {
          "current_key": "AIzaSyCQTrmp95_waRucrjRFk47F7yDRyEqtt3Q"
        }
      ],
      "services": {
        "appinvite_service": {
          "other_platform_oauth_client": []
        }
      }
    }
  ],
  "configuration_version": "1"
}